"","cr","statistic","summary","value"
"1",0.1,"hp","average",1
"2",0.1,"initiative","average",1.5
"3",0.1,"ac","average",15.5
"4",0.1,"touch","average",15.5
"5",0.1,"flatfooted","average",14
"6",0.1,"bab","average",0
"7",0.1,"fortitude","average",2
"8",0.1,"reflex","average",3.5
"9",0.1,"will","average",2
"10",0.1,"hp","max",1
"11",0.1,"initiative","max",2
"12",0.1,"ac","max",16
"13",0.1,"touch","max",16
"14",0.1,"flatfooted","max",14
"15",0.1,"bab","max",0
"16",0.1,"fortitude","max",2
"17",0.1,"reflex","max",4
"18",0.1,"will","max",2
"19",0.125,"hp","average",1
"20",0.125,"initiative","average",2
"21",0.125,"ac","average",14
"22",0.125,"touch","average",14
"23",0.125,"flatfooted","average",12
"24",0.125,"bab","average",0
"25",0.125,"fortitude","average",2
"26",0.125,"reflex","average",3
"27",0.125,"will","average",0.5
"28",0.125,"hp","max",1
"29",0.125,"initiative","max",2
"30",0.125,"ac","max",14
"31",0.125,"touch","max",14
"32",0.125,"flatfooted","max",12
"33",0.125,"bab","max",0
"34",0.125,"fortitude","max",2
"35",0.125,"reflex","max",4
"36",0.125,"will","max",1
"37",0.167,"hp","average",4.5
"38",0.167,"initiative","average",1.75
"39",0.167,"ac","average",13.75
"40",0.167,"touch","average",13.25
"41",0.167,"flatfooted","average",12
"42",0.167,"bab","average",0.25
"43",0.167,"fortitude","average",2.5
"44",0.167,"reflex","average",4
"45",0.167,"will","average",1
"46",0.167,"hp","max",11
"47",0.167,"initiative","max",2
"48",0.167,"ac","max",14
"49",0.167,"touch","max",14
"50",0.167,"flatfooted","max",12
"51",0.167,"bab","max",1
"52",0.167,"fortitude","max",4
"53",0.167,"reflex","max",4
"54",0.167,"will","max",2
"55",0.25,"hp","average",3.88
"56",0.25,"initiative","average",1.75
"57",0.25,"ac","average",14.5
"58",0.25,"touch","average",13.25
"59",0.25,"flatfooted","average",12.75
"60",0.25,"bab","average",0.25
"61",0.25,"fortitude","average",2.5
"62",0.25,"reflex","average",2.88
"63",0.25,"will","average",0.38
"64",0.25,"hp","max",11
"65",0.25,"initiative","max",3
"66",0.25,"ac","max",17
"67",0.25,"touch","max",15
"68",0.25,"flatfooted","max",14
"69",0.25,"bab","max",1
"70",0.25,"fortitude","max",4
"71",0.25,"reflex","max",5
"72",0.25,"will","max",2
"73",0.333,"hp","average",4.43
"74",0.333,"initiative","average",2.57
"75",0.333,"ac","average",15.71
"76",0.333,"touch","average",13.14
"77",0.333,"flatfooted","average",13.71
"78",0.333,"bab","average",0.14
"79",0.333,"fortitude","average",2.29
"80",0.333,"reflex","average",3.14
"81",0.333,"will","average",1.14
"82",0.333,"hp","max",6
"83",0.333,"initiative","max",5
"84",0.333,"ac","max",17
"85",0.333,"touch","max",15
"86",0.333,"flatfooted","max",16
"87",0.333,"bab","max",1
"88",0.333,"fortitude","max",4
"89",0.333,"reflex","max",5
"90",0.333,"will","max",3
"91",0.5,"hp","average",6.59
"92",0.5,"initiative","average",1.41
"93",0.5,"ac","average",14.69
"94",0.5,"touch","average",11.86
"95",0.5,"flatfooted","average",13.38
"96",0.5,"bab","average",0.76
"97",0.5,"fortitude","average",2.62
"98",0.5,"reflex","average",2
"99",0.5,"will","average",0.03
"100",0.5,"hp","max",16
"101",0.5,"initiative","max",4
"102",0.5,"ac","max",18
"103",0.5,"touch","max",16
"104",0.5,"flatfooted","max",18
"105",0.5,"bab","max",2
"106",0.5,"fortitude","max",5
"107",0.5,"reflex","max",6
"108",0.5,"will","max",3
"109",1,"hp","average",12.24
"110",1,"initiative","average",1.54
"111",1,"ac","average",15.28
"112",1,"touch","average",11.78
"113",1,"flatfooted","average",13.8
"114",1,"bab","average",1.28
"115",1,"fortitude","average",3
"116",1,"reflex","average",2.85
"117",1,"will","average",0.98
"118",1,"hp","max",31
"119",1,"initiative","max",7
"120",1,"ac","max",23
"121",1,"touch","max",20
"122",1,"flatfooted","max",18
"123",1,"bab","max",3
"124",1,"fortitude","max",6
"125",1,"reflex","max",6
"126",1,"will","max",5
"127",2,"hp","average",20.55
"128",2,"initiative","average",2.39
"129",2,"ac","average",15.76
"130",2,"touch","average",11.84
"131",2,"flatfooted","average",13.94
"132",2,"bab","average",2.33
"133",2,"fortitude","average",4.35
"134",2,"reflex","average",4.35
"135",2,"will","average",2.69
"136",2,"hp","max",42
"137",2,"initiative","max",8
"138",2,"ac","max",23
"139",2,"touch","max",15
"140",2,"flatfooted","max",22
"141",2,"bab","max",5
"142",2,"fortitude","max",8
"143",2,"reflex","max",10
"144",2,"will","max",6
"145",3,"hp","average",27.26
"146",3,"initiative","average",2.68
"147",3,"ac","average",16.14
"148",3,"touch","average",11.51
"149",3,"flatfooted","average",14.64
"150",3,"bab","average",3.3
"151",3,"fortitude","average",4.58
"152",3,"reflex","average",4.18
"153",3,"will","average",3.31
"154",3,"hp","max",55
"155",3,"initiative","max",9
"156",3,"ac","max",23
"157",3,"touch","max",18
"158",3,"flatfooted","max",23
"159",3,"bab","max",6
"160",3,"fortitude","max",9
"161",3,"reflex","max",9
"162",3,"will","max",7
"163",4,"hp","average",48.23
"164",4,"initiative","average",2.23
"165",4,"ac","average",16
"166",4,"touch","average",10.45
"167",4,"flatfooted","average",15.05
"168",4,"bab","average",5.2
"169",4,"fortitude","average",6.45
"170",4,"reflex","average",5.1
"171",4,"will","average",4.6
"172",4,"hp","max",94
"173",4,"initiative","max",6
"174",4,"ac","max",20
"175",4,"touch","max",18
"176",4,"flatfooted","max",20
"177",4,"bab","max",9
"178",4,"fortitude","max",11
"179",4,"reflex","max",9
"180",4,"will","max",9
"181",5,"hp","average",56.33
"182",5,"initiative","average",3.16
"183",5,"ac","average",17.16
"184",5,"touch","average",10.55
"185",5,"flatfooted","average",15.73
"186",5,"bab","average",6.08
"187",5,"fortitude","average",7.47
"188",5,"reflex","average",5.82
"189",5,"will","average",4.82
"190",5,"hp","max",95
"191",5,"initiative","max",11
"192",5,"ac","max",25
"193",5,"touch","max",16
"194",5,"flatfooted","max",25
"195",5,"bab","max",11
"196",5,"fortitude","max",12
"197",5,"reflex","max",13
"198",5,"will","max",10
"199",6,"hp","average",69.12
"200",6,"initiative","average",3.27
"201",6,"ac","average",18.88
"202",6,"touch","average",11
"203",6,"flatfooted","average",17.27
"204",6,"bab","average",7.6
"205",6,"fortitude","average",8.08
"206",6,"reflex","average",6.85
"207",6,"will","average",6.08
"208",6,"hp","max",133
"209",6,"initiative","max",13
"210",6,"ac","max",29
"211",6,"touch","max",29
"212",6,"flatfooted","max",24
"213",6,"bab","max",12
"214",6,"fortitude","max",14
"215",6,"reflex","max",12
"216",6,"will","max",12
"217",7,"hp","average",86.98
"218",7,"initiative","average",2.91
"219",7,"ac","average",18.07
"220",7,"touch","average",10.38
"221",7,"flatfooted","average",16.44
"222",7,"bab","average",8.38
"223",7,"fortitude","average",8.67
"224",7,"reflex","average",6.98
"225",7,"will","average",6.56
"226",7,"hp","max",152
"227",7,"initiative","max",13
"228",7,"ac","max",25
"229",7,"touch","max",17
"230",7,"flatfooted","max",24
"231",7,"bab","max",13
"232",7,"fortitude","max",15
"233",7,"reflex","max",19
"234",7,"will","max",12
"235",8,"hp","average",96.48
"236",8,"initiative","average",3.19
"237",8,"ac","average",20
"238",8,"touch","average",10.58
"239",8,"flatfooted","average",18.32
"240",8,"bab","average",9.43
"241",8,"fortitude","average",9.19
"242",8,"reflex","average",7.65
"243",8,"will","average",7.45
"244",8,"hp","max",180
"245",8,"initiative","max",10
"246",8,"ac","max",27
"247",8,"touch","max",20
"248",8,"flatfooted","max",26
"249",8,"bab","max",15
"250",8,"fortitude","max",16
"251",8,"reflex","max",14
"252",8,"will","max",11
"253",9,"hp","average",130.65
"254",9,"initiative","average",3.61
"255",9,"ac","average",21.74
"256",9,"touch","average",10.45
"257",9,"flatfooted","average",19.68
"258",9,"bab","average",11.97
"259",9,"fortitude","average",12.13
"260",9,"reflex","average",9.81
"261",9,"will","average",8.58
"262",9,"hp","max",230
"263",9,"initiative","max",14
"264",9,"ac","max",29
"265",9,"touch","max",18
"266",9,"flatfooted","max",28
"267",9,"bab","max",18
"268",9,"fortitude","max",19
"269",9,"reflex","max",22
"270",9,"will","max",13
"271",10,"hp","average",136.53
"272",10,"initiative","average",2.79
"273",10,"ac","average",22.58
"274",10,"touch","average",9.26
"275",10,"flatfooted","average",21.42
"276",10,"bab","average",13.21
"277",10,"fortitude","average",11.63
"278",10,"reflex","average",8.58
"279",10,"will","average",9.11
"280",10,"hp","max",305
"281",10,"initiative","max",8
"282",10,"ac","max",33
"283",10,"touch","max",13
"284",10,"flatfooted","max",33
"285",10,"bab","max",24
"286",10,"fortitude","max",22
"287",10,"reflex","max",19
"288",10,"will","max",14
"289",11,"hp","average",163.83
"290",11,"initiative","average",3.96
"291",11,"ac","average",23.71
"292",11,"touch","average",10.92
"293",11,"flatfooted","average",21.38
"294",11,"bab","average",14.25
"295",11,"fortitude","average",13.75
"296",11,"reflex","average",10.63
"297",11,"will","average",10.3
"298",11,"hp","max",228
"299",11,"initiative","max",15
"300",11,"ac","max",29
"301",11,"touch","max",25
"302",11,"flatfooted","max",27
"303",11,"bab","max",24
"304",11,"fortitude","max",20
"305",11,"reflex","max",25
"306",11,"will","max",14
"307",12,"hp","average",196.33
"308",12,"initiative","average",1.58
"309",12,"ac","average",21.75
"310",12,"touch","average",7.17
"311",12,"flatfooted","average",21.42
"312",12,"bab","average",17
"313",12,"fortitude","average",15.42
"314",12,"reflex","average",9.33
"315",12,"will","average",9.08
"316",12,"hp","max",300
"317",12,"initiative","max",5
"318",12,"ac","max",28
"319",12,"touch","max",13
"320",12,"flatfooted","max",28
"321",12,"bab","max",30
"322",12,"fortitude","max",25
"323",12,"reflex","max",12
"324",12,"will","max",15
"325",13,"hp","average",167
"326",13,"initiative","average",2.92
"327",13,"ac","average",27.33
"328",13,"touch","average",10.25
"329",13,"flatfooted","average",26
"330",13,"bab","average",14.42
"331",13,"fortitude","average",14.17
"332",13,"reflex","average",9.83
"333",13,"will","average",12.4
"334",13,"hp","max",230
"335",13,"initiative","max",5
"336",13,"ac","max",32
"337",13,"touch","max",14
"338",13,"flatfooted","max",31
"339",13,"bab","max",20
"340",13,"fortitude","max",18
"341",13,"reflex","max",14
"342",13,"will","max",16
"343",14,"hp","average",180.33
"344",14,"initiative","average",4.5
"345",14,"ac","average",27
"346",14,"touch","average",11
"347",14,"flatfooted","average",25.17
"348",14,"bab","average",16.17
"349",14,"fortitude","average",15.92
"350",14,"reflex","average",11.83
"351",14,"will","average",14
"352",14,"hp","max",287
"353",14,"initiative","max",8
"354",14,"ac","max",35
"355",14,"touch","max",14
"356",14,"flatfooted","max",35
"357",14,"bab","max",23
"358",14,"fortitude","max",19
"359",14,"reflex","max",13
"360",14,"will","max",18
"361",15,"hp","average",224.63
"362",15,"initiative","average",3.5
"363",15,"ac","average",29.75
"364",15,"touch","average",8.13
"365",15,"flatfooted","average",29.5
"366",15,"bab","average",18.88
"367",15,"fortitude","average",15.75
"368",15,"reflex","average",10.63
"369",15,"will","average",15.8
"370",15,"hp","max",312
"371",15,"initiative","max",5
"372",15,"ac","max",34
"373",15,"touch","max",11
"374",15,"flatfooted","max",33
"375",15,"bab","max",24
"376",15,"fortitude","max",19
"377",15,"reflex","max",14
"378",15,"will","max",20
"379",16,"hp","average",239.09
"380",16,"initiative","average",4.27
"381",16,"ac","average",31.91
"382",16,"touch","average",10
"383",16,"flatfooted","average",30.73
"384",16,"bab","average",21.18
"385",16,"fortitude","average",17.09
"386",16,"reflex","average",13.27
"387",16,"will","average",16.6
"388",16,"hp","max",378
"389",16,"initiative","max",8
"390",16,"ac","max",42
"391",16,"touch","max",16
"392",16,"flatfooted","max",42
"393",16,"bab","max",31
"394",16,"fortitude","max",23
"395",16,"reflex","max",16
"396",16,"will","max",23
"397",17,"hp","average",244.86
"398",17,"initiative","average",3.29
"399",17,"ac","average",28
"400",17,"touch","average",9.57
"401",17,"flatfooted","average",26.86
"402",17,"bab","average",20.14
"403",17,"fortitude","average",19.57
"404",17,"reflex","average",11.29
"405",17,"will","average",16.2
"406",17,"hp","max",337
"407",17,"initiative","max",7
"408",17,"ac","max",34
"409",17,"touch","max",13
"410",17,"flatfooted","max",34
"411",17,"bab","max",27
"412",17,"fortitude","max",25
"413",17,"reflex","max",15
"414",17,"will","max",19
"415",18,"hp","average",302.25
"416",18,"initiative","average",6
"417",18,"ac","average",32.75
"418",18,"touch","average",8.5
"419",18,"flatfooted","average",31.25
"420",18,"bab","average",24.25
"421",18,"fortitude","average",19.5
"422",18,"reflex","average",15.63
"423",18,"will","average",19
"424",18,"hp","max",375
"425",18,"initiative","max",20
"426",18,"ac","max",37
"427",18,"touch","max",14
"428",18,"flatfooted","max",37
"429",18,"bab","max",30
"430",18,"fortitude","max",23
"431",18,"reflex","max",24
"432",18,"will","max",23
"433",19,"hp","average",355.8
"434",19,"initiative","average",4.8
"435",19,"ac","average",36
"436",19,"touch","average",9.2
"437",19,"flatfooted","average",35.2
"438",19,"bab","average",27.6
"439",19,"fortitude","average",22.1
"440",19,"reflex","average",16.3
"441",19,"will","average",19.7
"442",19,"hp","max",445
"443",19,"initiative","max",12
"444",19,"ac","max",38
"445",19,"touch","max",16
"446",19,"flatfooted","max",38
"447",19,"bab","max",33
"448",19,"fortitude","max",25
"449",19,"reflex","max",20
"450",19,"will","max",21
"451",20,"hp","average",409.33
"452",20,"initiative","average",6
"453",20,"ac","average",36.44
"454",20,"touch","average",9.11
"455",20,"flatfooted","average",34.44
"456",20,"bab","average",29.56
"457",20,"fortitude","average",24.22
"458",20,"reflex","average",18.67
"459",20,"will","average",21.2
"460",20,"hp","max",858
"461",20,"initiative","max",12
"462",20,"ac","max",40
"463",20,"touch","max",17
"464",20,"flatfooted","max",39
"465",20,"bab","max",48
"466",20,"fortitude","max",38
"467",20,"reflex","max",29
"468",20,"will","max",23
"469",21,"hp","average",393
"470",21,"initiative","average",4.31
"471",21,"ac","average",38.69
"472",21,"touch","average",8.77
"473",21,"flatfooted","average",37.31
"474",21,"bab","average",27.69
"475",21,"fortitude","average",23.31
"476",21,"reflex","average",16.15
"477",21,"will","average",20.5
"478",21,"hp","max",522
"479",21,"initiative","max",7
"480",21,"ac","max",51
"481",21,"touch","max",17
"482",21,"flatfooted","max",44
"483",21,"bab","max",36
"484",21,"fortitude","max",28
"485",21,"reflex","max",22
"486",21,"will","max",25
"487",22,"hp","average",452.33
"488",22,"initiative","average",7.44
"489",22,"ac","average",40.22
"490",22,"touch","average",11.56
"491",22,"flatfooted","average",36.33
"492",22,"bab","average",29.56
"493",22,"fortitude","average",23
"494",22,"reflex","average",19.67
"495",22,"will","average",23.7
"496",22,"hp","max",536
"497",22,"initiative","max",22
"498",22,"ac","max",47
"499",22,"touch","max",24
"500",22,"flatfooted","max",47
"501",22,"bab","max",37
"502",22,"fortitude","max",28
"503",22,"reflex","max",25
"504",22,"will","max",27
"505",23,"hp","average",480.09
"506",23,"initiative","average",8.27
"507",23,"ac","average",39.91
"508",23,"touch","average",12.45
"509",23,"flatfooted","average",35.27
"510",23,"bab","average",31
"511",23,"fortitude","average",26
"512",23,"reflex","average",21.82
"513",23,"will","average",24.6
"514",23,"hp","max",893
"515",23,"initiative","max",18
"516",23,"ac","max",46
"517",23,"touch","max",28
"518",23,"flatfooted","max",42
"519",23,"bab","max",38
"520",23,"fortitude","max",41
"521",23,"reflex","max",35
"522",23,"will","max",28
"523",24,"hp","average",622.25
"524",24,"initiative","average",9.25
"525",24,"ac","average",42.38
"526",24,"touch","average",12.88
"527",24,"flatfooted","average",37.75
"528",24,"bab","average",37.5
"529",24,"fortitude","average",29.5
"530",24,"reflex","average",24.25
"531",24,"will","average",27.3
"532",24,"hp","max",900
"533",24,"initiative","max",27
"534",24,"ac","max",44
"535",24,"touch","max",40
"536",24,"flatfooted","max",44
"537",24,"bab","max",48
"538",24,"fortitude","max",39
"539",24,"reflex","max",38
"540",24,"will","max",38
"541",25,"hp","average",600.27
"542",25,"initiative","average",8.55
"543",25,"ac","average",44.18
"544",25,"touch","average",18.36
"545",25,"flatfooted","average",39.82
"546",25,"bab","average",34.09
"547",25,"fortitude","average",27.55
"548",25,"reflex","average",24
"549",25,"will","average",28.7
"550",25,"hp","max",1105
"551",25,"initiative","max",26
"552",25,"ac","max",52
"553",25,"touch","max",50
"554",25,"flatfooted","max",50
"555",25,"bab","max",40
"556",25,"fortitude","max",45
"557",25,"reflex","max",36
"558",25,"will","max",41
"559",26,"hp","average",420.29
"560",26,"initiative","average",10.43
"561",26,"ac","average",44.29
"562",26,"touch","average",27.14
"563",26,"flatfooted","average",39.57
"564",26,"bab","average",27
"565",26,"fortitude","average",21.14
"566",26,"reflex","average",20.14
"567",26,"will","average",26.2
"568",26,"hp","max",680
"569",26,"initiative","max",17
"570",26,"ac","max",50
"571",26,"touch","max",48
"572",26,"flatfooted","max",43
"573",26,"bab","max",40
"574",26,"fortitude","max",32
"575",26,"reflex","max",29
"576",26,"will","max",32
"577",27,"hp","average",625.25
"578",27,"initiative","average",10
"579",27,"ac","average",46.75
"580",27,"touch","average",19.25
"581",27,"flatfooted","average",40.25
"582",27,"bab","average",43.5
"583",27,"fortitude","average",31.75
"584",27,"reflex","average",27.75
"585",27,"will","average",32.7
"586",27,"hp","max",817
"587",27,"initiative","max",20
"588",27,"ac","max",52
"589",27,"touch","max",32
"590",27,"flatfooted","max",45
"591",27,"bab","max",75
"592",27,"fortitude","max",40
"593",27,"reflex","max",37
"594",27,"will","max",41
"595",28,"hp","average",894.25
"596",28,"initiative","average",16.25
"597",28,"ac","average",53.5
"598",28,"touch","average",26.5
"599",28,"flatfooted","average",43.25
"600",28,"bab","average",42.5
"601",28,"fortitude","average",37
"602",28,"reflex","average",37
"603",28,"will","average",31.5
"604",28,"hp","max",1102
"605",28,"initiative","max",25
"606",28,"ac","max",57
"607",28,"touch","max",47
"608",28,"flatfooted","max",57
"609",28,"bab","max",60
"610",28,"fortitude","max",45
"611",28,"reflex","max",44
"612",28,"will","max",35
"613",29,"hp","average",472
"614",29,"initiative","average",12
"615",29,"ac","average",50.5
"616",29,"touch","average",30
"617",29,"flatfooted","average",42.5
"618",29,"bab","average",21.5
"619",29,"fortitude","average",25
"620",29,"reflex","average",25.5
"621",29,"will","average",24.5
"622",29,"hp","max",814
"623",29,"initiative","max",17
"624",29,"ac","max",51
"625",29,"touch","max",38
"626",29,"flatfooted","max",48
"627",29,"bab","max",33
"628",29,"fortitude","max",40
"629",29,"reflex","max",39
"630",29,"will","max",32
"631",30,"hp","average",1064.25
"632",30,"initiative","average",2
"633",30,"ac","average",40.75
"634",30,"touch","average",13.5
"635",30,"flatfooted","average",40.25
"636",30,"bab","average",48.25
"637",30,"fortitude","average",36
"638",30,"reflex","average",26.25
"639",30,"will","average",38.7
"640",30,"hp","max",1785
"641",30,"initiative","max",6
"642",30,"ac","max",58
"643",30,"touch","max",26
"644",30,"flatfooted","max",58
"645",30,"bab","max",70
"646",30,"fortitude","max",47
"647",30,"reflex","max",37
"648",30,"will","max",50
"649",31,"hp","average",788.5
"650",31,"initiative","average",3.5
"651",31,"ac","average",58
"652",31,"touch","average",16
"653",31,"flatfooted","average",56.5
"654",31,"bab","average",42.5
"655",31,"fortitude","average",34
"656",31,"reflex","average",24.5
"657",31,"will","average",33.5
"658",31,"hp","max",877
"659",31,"initiative","max",4
"660",31,"ac","max",64
"661",31,"touch","max",20
"662",31,"flatfooted","max",64
"663",31,"bab","max",45
"664",31,"fortitude","max",37
"665",31,"reflex","max",25
"666",31,"will","max",38
"667",32,"hp","average",433
"668",32,"initiative","average",18
"669",32,"ac","average",40
"670",32,"touch","average",20
"671",32,"flatfooted","average",30
"672",32,"bab","average",42
"673",32,"fortitude","average",19
"674",32,"reflex","average",29
"675",32,"will","average",29
"676",32,"hp","max",433
"677",32,"initiative","max",18
"678",32,"ac","max",40
"679",32,"touch","max",20
"680",32,"flatfooted","max",30
"681",32,"bab","max",42
"682",32,"fortitude","max",19
"683",32,"reflex","max",29
"684",32,"will","max",29
"685",33,"hp","average",605.5
"686",33,"initiative","average",-2
"687",33,"ac","average",60
"688",33,"touch","average",0
"689",33,"flatfooted","average",60
"690",33,"bab","average",72
"691",33,"fortitude","average",32
"692",33,"reflex","average",30
"693",33,"will","average",33
"694",33,"hp","max",608
"695",33,"initiative","max",-2
"696",33,"ac","max",60
"697",33,"touch","max",0
"698",33,"flatfooted","max",60
"699",33,"bab","max",72
"700",33,"fortitude","max",32
"701",33,"reflex","max",30
"702",33,"will","max",33
"703",34,"hp","average",1100
"704",34,"initiative","average",9.5
"705",34,"ac","average",54
"706",34,"touch","average",16
"707",34,"flatfooted","average",50.5
"708",34,"bab","average",52.5
"709",34,"fortitude","average",42
"710",34,"reflex","average",32.5
"711",34,"will","average",39.5
"712",34,"hp","max",1362
"713",34,"initiative","max",15
"714",34,"ac","max",61
"715",34,"touch","max",19
"716",34,"flatfooted","max",61
"717",34,"bab","max",62
"718",34,"fortitude","max",48
"719",34,"reflex","max",42
"720",34,"will","max",43
"721",35,"hp","average",1011.8
"722",35,"initiative","average",12.6
"723",35,"ac","average",62
"724",35,"touch","average",13.8
"725",35,"flatfooted","average",53.2
"726",35,"bab","average",48.4
"727",35,"fortitude","average",41.6
"728",35,"reflex","average",34.2
"729",35,"will","average",31
"730",35,"hp","max",1075
"731",35,"initiative","max",24
"732",35,"ac","max",67
"733",35,"touch","max",18
"734",35,"flatfooted","max",67
"735",35,"bab","max",50
"736",35,"fortitude","max",46
"737",35,"reflex","max",52
"738",35,"will","max",43
"739",36,"hp","average",1676
"740",36,"initiative","average",11
"741",36,"ac","average",58
"742",36,"touch","average",3
"743",36,"flatfooted","average",57
"744",36,"bab","average",72
"745",36,"fortitude","average",55
"746",36,"reflex","average",47
"747",36,"will","average",39
"748",36,"hp","max",1676
"749",36,"initiative","max",11
"750",36,"ac","max",58
"751",36,"touch","max",3
"752",36,"flatfooted","max",57
"753",36,"bab","max",72
"754",36,"fortitude","max",55
"755",36,"reflex","max",47
"756",36,"will","max",39
"757",37,"hp","average",1292
"758",37,"initiative","average",4
"759",37,"ac","average",74
"760",37,"touch","average",20
"761",37,"flatfooted","average",74
"762",37,"bab","average",55
"763",37,"fortitude","average",46
"764",37,"reflex","average",29
"765",37,"will","average",47
"766",37,"hp","max",1292
"767",37,"initiative","max",4
"768",37,"ac","max",74
"769",37,"touch","max",20
"770",37,"flatfooted","max",74
"771",37,"bab","max",55
"772",37,"fortitude","max",46
"773",37,"reflex","max",29
"774",37,"will","max",47
"775",39,"hp","average",1430
"776",39,"initiative","average",7
"777",39,"ac","average",66.67
"778",39,"touch","average",18
"779",39,"flatfooted","average",62.33
"780",39,"bab","average",68
"781",39,"fortitude","average",55.67
"782",39,"reflex","average",37.67
"783",39,"will","average",45
"784",39,"hp","max",1728
"785",39,"initiative","max",13
"786",39,"ac","max",81
"787",39,"touch","max",22
"788",39,"flatfooted","max",81
"789",39,"bab","max",96
"790",39,"fortitude","max",75
"791",39,"reflex","max",55
"792",39,"will","max",52
"793",41,"hp","average",1856
"794",41,"initiative","average",14
"795",41,"ac","average",58
"796",41,"touch","average",16
"797",41,"flatfooted","average",44
"798",41,"bab","average",96
"799",41,"fortitude","average",76
"800",41,"reflex","average",56
"801",41,"will","average",42
"802",41,"hp","max",1856
"803",41,"initiative","max",14
"804",41,"ac","max",58
"805",41,"touch","max",16
"806",41,"flatfooted","max",44
"807",41,"bab","max",96
"808",41,"fortitude","max",76
"809",41,"reflex","max",56
"810",41,"will","max",42
"811",42,"hp","average",1984
"812",42,"initiative","average",12
"813",42,"ac","average",60
"814",42,"touch","average",14
"815",42,"flatfooted","average",48
"816",42,"bab","average",96
"817",42,"fortitude","average",77
"818",42,"reflex","average",54
"819",42,"will","average",42
"820",42,"hp","max",1984
"821",42,"initiative","max",12
"822",42,"ac","max",60
"823",42,"touch","max",14
"824",42,"flatfooted","max",48
"825",42,"bab","max",96
"826",42,"fortitude","max",77
"827",42,"reflex","max",54
"828",42,"will","max",42
"829",43,"hp","average",1516
"830",43,"initiative","average",4
"831",43,"ac","average",79.5
"832",43,"touch","average",21.5
"833",43,"flatfooted","average",79.5
"834",43,"bab","average",59
"835",43,"fortitude","average",50
"836",43,"reflex","average",31
"837",43,"will","average",50.5
"838",43,"hp","max",1787
"839",43,"initiative","max",4
"840",43,"ac","max",88
"841",43,"touch","max",24
"842",43,"flatfooted","max",88
"843",43,"bab","max",65
"844",43,"fortitude","max",55
"845",43,"reflex","max",34
"846",43,"will","max",56
"847",48,"hp","average",1479
"848",48,"initiative","average",4
"849",48,"ac","average",78
"850",48,"touch","average",21
"851",48,"flatfooted","average",78
"852",48,"bab","average",58
"853",48,"fortitude","average",50
"854",48,"reflex","average",31
"855",48,"will","average",50
"856",48,"hp","max",1479
"857",48,"initiative","max",4
"858",48,"ac","max",78
"859",48,"touch","max",21
"860",48,"flatfooted","max",78
"861",48,"bab","max",58
"862",48,"fortitude","max",50
"863",48,"reflex","max",31
"864",48,"will","max",50
"865",50,"hp","average",2472.5
"866",50,"initiative","average",7
"867",50,"ac","average",83.5
"868",50,"touch","average",19
"869",50,"flatfooted","average",78.5
"870",50,"bab","average",83
"871",50,"fortitude","average",72
"872",50,"reflex","average",44.5
"873",50,"will","average",51.5
"874",50,"hp","max",2880
"875",50,"initiative","max",10
"876",50,"ac","max",95
"877",50,"touch","max",26
"878",50,"flatfooted","max",95
"879",50,"bab","max",96
"880",50,"fortitude","max",84
"881",50,"reflex","max",52
"882",50,"will","max",61
"883",52,"hp","average",1732
"884",52,"initiative","average",4
"885",52,"ac","average",85
"886",52,"touch","average",23
"887",52,"flatfooted","average",85
"888",52,"bab","average",63
"889",52,"fortitude","average",54
"890",52,"reflex","average",33
"891",52,"will","average",54
"892",52,"hp","max",1732
"893",52,"initiative","max",4
"894",52,"ac","max",85
"895",52,"touch","max",23
"896",52,"flatfooted","max",85
"897",52,"bab","max",63
"898",52,"fortitude","max",54
"899",52,"reflex","max",33
"900",52,"will","max",54
"901",57,"hp","average",1517
"902",57,"initiative","average",7
"903",57,"ac","average",81
"904",57,"touch","average",26.5
"905",57,"flatfooted","average",81
"906",57,"bab","average",60
"907",57,"fortitude","average",49
"908",57,"reflex","average",33
"909",57,"will","average",43
"910",57,"hp","max",2006
"911",57,"initiative","max",10
"912",57,"ac","max",92
"913",57,"touch","max",28
"914",57,"flatfooted","max",92
"915",57,"bab","max",68
"916",57,"fortitude","max",59
"917",57,"reflex","max",36
"918",57,"will","max",59
"919",59,"hp","average",2362
"920",59,"initiative","average",4
"921",59,"ac","average",102
"922",59,"touch","average",28
"923",59,"flatfooted","average",102
"924",59,"bab","average",75
"925",59,"fortitude","average",64
"926",59,"reflex","average",39
"927",59,"will","average",65
"928",59,"hp","max",2362
"929",59,"initiative","max",4
"930",59,"ac","max",102
"931",59,"touch","max",28
"932",59,"flatfooted","max",102
"933",59,"bab","max",75
"934",59,"fortitude","max",64
"935",59,"reflex","max",39
"936",59,"will","max",65
"937",61,"hp","average",2299
"938",61,"initiative","average",4
"939",61,"ac","average",99
"940",61,"touch","average",27
"941",61,"flatfooted","average",99
"942",61,"bab","average",73
"943",61,"fortitude","average",63
"944",61,"reflex","average",38
"945",61,"will","average",63
"946",61,"hp","max",2299
"947",61,"initiative","max",4
"948",61,"ac","max",99
"949",61,"touch","max",27
"950",61,"flatfooted","max",99
"951",61,"bab","max",73
"952",61,"fortitude","max",63
"953",61,"reflex","max",38
"954",61,"will","max",63
"955",66,"hp","average",2613
"956",66,"initiative","average",4
"957",66,"ac","average",106
"958",66,"touch","average",29
"959",66,"flatfooted","average",106
"960",66,"bab","average",78
"961",66,"fortitude","average",68
"962",66,"reflex","average",41
"963",66,"will","average",68
"964",66,"hp","max",2613
"965",66,"initiative","max",4
"966",66,"ac","max",106
"967",66,"touch","max",29
"968",66,"flatfooted","max",106
"969",66,"bab","max",78
"970",66,"fortitude","max",68
"971",66,"reflex","max",41
"972",66,"will","max",68
